Claudia;Delacruz;nulla.magna.malesuada@turpis.ca;1
Abel;Waters;leo.Vivamus@sapien.com;1
Dominic;Lawson;velit.eu@Fuscemi.edu;1
Leilani;Tate;malesuada.augue.ut@anteVivamus.edu;2
Grady;Hammond;Mauris@penatibuset.org;2
Bernard;Munoz;molestie.sodales.Mauris@semmagna.com;2
Randall;Rogers;semper@non.ca;3
Hop;Chandler;arcu.et.pede@tinciduntneque.co.uk;3
Thaddeus;Harrington;cursus.et@eleifendvitaeerat.ca;3
Winifred;Mendez;bibendum.fermentum@velesttempor.org;4
Nero;Gillespie;pharetra.Quisque@malesuada.edu;4
Idola;Bray;Donec.consectetuer@pede.org;4
Cameran;Shelton;et.eros@Nullamvitaediam.ca;5
Martin;Briggs;blandit.congue.In@etmagnis.edu;5
Dana;Woodard;molestie.tellus.Aenean@egestaslaciniaSed.org;5
Nevada;Odonnell;venenatis@lectus.edu;6
Karyn;Donaldson;metus.vitae.velit@acmi.ca;6
Tamekah;Burt;ac.nulla@in.ca;6
Leigh;Bradshaw;auctor.quis.tristique@Vivamus.ca;7
Samson;Jones;eget.lacus@a.co.uk;7
Ebony;Moore;egestas@Aenean.net;7
Yvette;Randall;risus@ultriciesligula.net;8
Jolie;Leonard;erat.eget.tincidunt@natoque.edu;8
Zachary;Scott;volutpat.Nulla@quisdiam.co.uk;8
Breanna;Hull;fringilla.cursus.purus@primisinfaucibus.org;9
Calista;Castillo;Sed.nec.metus@metusInnec.ca;9
Martina;Swanson;Duis.gravida.Praesent@Inatpede.co.uk;9
Madeline;Dixon;ipsum.Phasellus@Intinciduntcongue.ca;10
Gray;Miranda;est.tempor.bibendum@vehiculaetrutrum.net;10
Remedios;Koch;dictum.ultricies.ligula@sitametrisus.org;10
Chaney;Dean;a@tinciduntnuncac.com;11
Fleur;Weber;Nulla.tempor.augue@neceuismodin.net;11
Bertha;Jensen;enim.condimentum@insodaleselit.org;11
Finn;Moses;eget.lacus.Mauris@feugiatSed.org;12
Tiger;Pearson;viverra@sodalesnisi.ca;12
Felix;Armstrong;nibh@anteipsum.org;12
Brielle;Mcneil;ad.litora@nibhlaciniaorci.com;13
Cadman;Macias;velit@Craseget.com;13
Zahir;Kirby;metus.Aliquam.erat@ligulaDonecluctus.net;13
Doris;Humphrey;nonummy.ac.feugiat@ornareplacerat.com;14
Addison;Calderon;Aenean.gravida@Maecenasmifelis.co.uk;14
Keith;Wolf;id.ante@magnaPraesent.ca;14
Dawn;Chase;eget.massa.Suspendisse@metus.com;15
Adrienne;Townsend;placerat.velit.Quisque@hendreritnequeIn.co.uk;15
Shea;Cameron;vitae.risus.Duis@faucibus.edu;15
Dane;Sargent;elit@semegetmassa.co.uk;16
Mona;Massey;fringilla.mi.lacinia@commodo.co.uk;16
Sara;Weiss;lorem.luctus.ut@maurisanunc.edu;16
Wilma;Emerson;elementum.lorem.ut@nectellus.net;17
Amaya;Griffith;odio@maurisrhoncus.net;17
Zia;Drake;ultrices.iaculis.odio@et.co.uk;17
Kevyn;Mcintosh;Donec@Donecfelisorci.com;18
Eden;Murray;in.consectetuer.ipsum@ornare.co.uk;18
Maxine;Brennan;tortor.Nunc@inmagna.edu;18
Akeem;Massey;mauris.Suspendisse@nonlacinia.org;19
Ahmed;Wood;cubilia.Curae@sit.edu;19
Wynter;Rush;adipiscing.elit.Etiam@rutrum.net;19
Buffy;Gonzalez;id.risus.quis@diam.edu;20
Benedict;Tate;mattis.velit@Donecelementum.net;20
Dora;Mendez;ultrices.iaculis@eleifend.net;20
Carter;Farrell;lobortis.ultrices@Donecnonjusto.net;21
Kirby;Cochran;semper.auctor@gravidamolestiearcu.edu;21
Aspen;Blackburn;in.dolor@aliquet.org;21
Emily;Cantu;sollicitudin.commodo@ut.edu;22
Xenos;Carpenter;faucibus@mieleifend.ca;22
Kelsie;Sloan;Curabitur@laciniamattisInteger.edu;22
Andrew;Bruce;Donec.luctus.aliquet@nullaInteger.org;23
Willa;Mendez;et.magna.Praesent@utaliquamiaculis.org;23
Lydia;Ray;natoque.penatibus@eratEtiamvestibulum.ca;23
Baxter;Cameron;amet.nulla@portaelit.ca;24
Azalia;Merrill;dis.parturient.montes@nonmagna.edu;24
Grant;Bentley;lectus.ante@vestibulummassa.co.uk;24
Kiayada;Hubbard;Vestibulum.ante.ipsum@nisi.net;25
Carissa;Becker;ultrices.iaculis.odio@Fusce.net;25
Tobias;Watts;cursus@auctor.net;25
Wilma;Schmidt;facilisis.magna@iaculislacus.edu;26
Madison;Ramirez;lobortis.quam.a@diam.ca;26
Jermaine;Cohen;eleifend.nunc.risus@inmolestie.edu;26
Shannon;Golden;ante.dictum.mi@purusactellus.net;27
Elijah;Bauer;eu.tellus.eu@adipiscing.co.uk;27
Arsenio;Lester;semper.rutrum@Sedid.co.uk;27
Germaine;Mitchell;id.nunc@Duis.co.uk;28
Yardley;Santiago;convallis.est@dapibusligula.com;28
Cedric;Crane;mi@commodo.ca;28
Cherokee;Hyde;lobortis.mauris@In.com;29
Kasimir;Mercado;Suspendisse@Suspendisse.org;29
Maxine;Bartlett;sem.ut@tincidunt.ca;29
Christen;Cash;ut.lacus.Nulla@mollisvitae.co.uk;30
Kadeem;Shannon;nisl.Maecenas@sit.co.uk;30
Ariel;Duffy;Curae.Phasellus.ornare@convallisligulaDonec.edu;30
Barclay;Newman;iaculis.lacus@duiFuscediam.edu;31
Tatum;Greene;eu@eunibhvulputate.edu;31
Adara;Beasley;volutpat.Nulla@In.org;31
Raymond;Rogers;odio.sagittis@nunc.org;32
Hilary;Knight;Quisque@sedpede.net;32
Clarke;Ferrell;tempor@Praesentinterdum.co.uk;32
Kevin;Martin;Suspendisse.sed.dolor@et.com;33
Maisie;Talley;placerat.velit@sagittisplaceratCras.net;33
Yolanda;Pugh;ipsum.Donec.sollicitudin@fringillapurusmauris.ca;33
Oliver;Cobb;lectus@tellus.co.uk;34
Forrest;Santos;Mauris.nulla@velconvallisin.com;34
Nasim;Mann;Fusce.aliquam.enim@adipiscingligulaAenean.edu;34
Maxine;Bush;eget@arcuAliquam.co.uk;35
Pandora;Mcgowan;dis.parturient.montes@acturpisegestas.ca;35
Eaton;Mckee;nisl.arcu@Vestibulum.com;35
Risa;Davis;non.sollicitudin.a@dapibusgravida.com;36
Fay;Russell;iaculis@atlacusQuisque.org;36
Jaden;Kemp;ante.blandit@urnaUttincidunt.ca;36
